com.google.code.gson:gson<L>com.google.gson.Gson.fromJson(com.google.gson.JsonElement, java.lang.reflect.Type) |com.fasterxml.jackson.core:jackson-databind<L>com.fasterxml.jackson.databind.ObjectMapper.readValue(byte[], JavaType)
com.google.code.gson:gson<L>com.google.gson.Gson.fromJson(com.google.gson.JsonElement, java.lang.reflect.Type)|com.fasterxml.jackson.core:jackson-databind<L>com.fasterxml.jackson.databind.ObjectReader.readValue(JsonParser, JavaType)
com.google.code.gson:gson<L>com.google.gson.JsonSerializer.serialize(T, java.lang.reflect.Type, com.google.gson.JsonSerializationContext)|com.fasterxml.jackson.core:jackson-databind<L>com.fasterxml.jackson.databind.ObjectMapper.writeValueAsString(java.lang.Object)
com.google.code.gson:gson<L>com.google.gson.Gson.Gson()|com.fasterxml.jackson.core:jackson-databind<L>com.fasterxml.jackson.databind.ObjectMapper.ObjectMapper()
com.google.code.gson:gson<L>com.google.gson.GsonBuilder.setPrettyPrinting()|com.fasterxml.jackson.core:jackson-databind<L>com.fasterxml.jackson.databind.ObjectMapper.writerWithDefaultPrettyPrinter()
com.google.code.gson:gson<L>com.google.gson.GsonBuilder.GsonBuilder()|com.fasterxml.jackson.core:jackson-databind<L>com.fasterxml.jackson.databind.ObjectMapper.ObjectMapper()
com.google.code.gson:gson<L>com.google.gson.GsonBuilder.create()|com.fasterxml.jackson.core:jackson-databind<L>com.fasterxml.jackson.databind.ObjectMapper.ObjectMapper()
com.google.code.gson:gson<L>com.google.gson.JsonObject.get(java.lang.String)|com.fasterxml.jackson.core:jackson-core<L>com.fasterxml.jackson.core.TreeNode.get(java.lang.String)
com.google.code.gson:gson<L>com.google.gson.JsonElement.getAsJsonObject()|com.fasterxml.jackson.core:jackson-databind<L>com.fasterxml.jackson.databind.ObjectMapper.readTree(java.net.URL)
com.google.code.gson:gson<L>com.google.gson.JsonParser.JsonParser()|com.fasterxml.jackson.core:jackson-databind<L>com.fasterxml.jackson.databind.ObjectMapper.ObjectMapper()
com.google.code.gson:gson<L>com.google.gson.TypeAdapter.toJson(T)|com.fasterxml.jackson.core:jackson-databind<L>com.fasterxml.jackson.databind.ObjectMapper.writeValueAsString(java.lang.Object)
com.google.code.gson:gson<L>com.google.gson.Gson.toJson(com.google.gson.JsonElement)|com.fasterxml.jackson.core:jackson-databind<L>com.fasterxml.jackson.databind.ObjectMapper.writeValueAsString(java.lang.Object)
com.google.collections:google-collections<L>com.google.common.collect.AbstractBiMap.put(K, V)|com.google.guava:guava-collections<L>com.google.common.collect.AbstractBiMap.put(K, V)
com.google.collections:google-collections<L>com.google.common.collect.AbstractMultimap.size()|com.google.guava:guava-collections<L>com.google.common.collect.AbstractMultimap.Values.size()
com.google.collections:google-collections<L>com.google.common.collect.AbstractListMultimap.put(K, V)|com.google.guava:guava-collections<L>com.google.common.collect.AbstractListMultimap.put(K, V)
com.google.collections:google-collections<L>com.google.common.base.Joiner.MapJoiner.join(java.util.Map<?, ?>)|com.google.guava:guava-base<L>com.google.common.base.Joiner.join(java.lang.Object[])
com.google.collections:google-collections<L>com.google.common.collect.TreeMultiset.create(java.lang.Iterable<? extends E>)|com.google.guava:guava-collections<L>com.google.common.collect.TreeMultiset.create(java.lang.Iterable<? extends E>)
com.google.collections:google-collections<L>com.google.common.collect.Ordering.sortedCopy(java.lang.Iterable<E>)|com.google.guava:guava-collections<L>com.google.common.collect.Ordering.sortedCopy(java.lang.Iterable<E>)
com.google.collections:google-collections<L>com.google.common.collect.ImmutableSortedSet.copyOf(java.util.Iterator<? extends E>)|com.google.guava:guava-collections<L>com.google.common.collect.ImmutableSortedSet.copyOf(E[])
com.google.collections:google-collections<L>com.google.common.collect.ImmutableSet.copyOf(java.util.Iterator<? extends E>)|com.google.guava:guava-collections<L>com.google.common.collect.ImmutableSet.copyOf(java.util.Iterator<? extends E>)
com.google.collections:google-collections<L>com.google.common.collect.TreeMultimap.create(com.google.common.collect.Multimap<? extends K, ? extends V>)|com.google.guava:guava-collections<L>com.google.common.collect.TreeMultimap.create(com.google.common.collect.Multimap<? extends K, ? extends V>)
com.google.collections:google-collections<L>com.google.common.collect.Maps.newLinkedHashMap()|com.google.guava:guava-collections<L>com.google.common.collect.MapMaker.makeMap()
com.google.collections:google-collections<L>com.google.common.base.Joiner.on(char)|com.google.guava:guava-base<L>com.google.common.base.Joiner.on(char)
com.google.collections:google-collections<L>com.google.common.base.Joiner.MapJoiner.join(java.util.Map<?, ?>)|com.google.guava:guava-base<L>com.google.common.base.Joiner.MapJoiner.join(java.util.Map<?, ?>)
com.googlecode.json-simple:json-simple<L>org.json.simple.JSONObject.toJSONString()|com.google.code.gson:gson<L>com.google.gson.JsonElement.toString()
com.googlecode.json-simple:json-simple<L>org.json.simple.JSONObject.toString()|com.google.code.gson:gson<L>com.google.gson.Gson.toJson(com.google.gson.JsonElement)
com.googlecode.json-simple:json-simple<L>org.json.simple.JSONValue.toJSONString(java.lang.Object)|com.google.code.gson:gson<L>com.google.gson.Gson.toJson(com.google.gson.JsonElement)
com.googlecode.json-simple:json-simple<L>org.json.simple.ItemList.add(java.lang.String)|com.google.code.gson:gson<L>com.google.gson.JsonArray.add(com.google.gson.JsonElement)
commons-httpclient:commons-httpclient<L>org.apache.commons.httpclient.URI.getURI()|org.apache.httpcomponents:httpclient<L>org.apache.http.client.methods.HttpUriRequest.getURI()
commons-httpclient:commons-httpclient<L>org.apache.commons.httpclient.HttpMethod.addRequestHeader(java.lang.String, java.lang.String)|org.apache.httpcomponents:httpclient<L>org.apache.http.client.methods.RequestBuilder.addHeader(java.lang.String, java.lang.String)
commons-httpclient:commons-httpclient<L>org.apache.commons.httpclient.HttpClient.HttpClient()|org.apache.httpcomponents:httpclient<L>org.apache.http.impl.client.DefaultHttpClient.DefaultHttpClient()
commons-httpclient:commons-httpclient<L>org.apache.commons.httpclient.methods.DeleteMethod.DeleteMethod(java.lang.String)|org.apache.httpcomponents:httpclient<L>org.apache.http.client.methods.HttpDelete.HttpDelete(java.lang.String)
commons-httpclient:commons-httpclient<L>org.apache.commons.httpclient.methods.GetMethod.GetMethod(java.lang.String)|org.apache.httpcomponents:httpclient<L>org.apache.http.client.methods.HttpGet.HttpGet(java.lang.String)
commons-httpclient:commons-httpclient<L>org.apache.commons.httpclient.methods.HeadMethod.HeadMethod(java.lang.String)|org.apache.httpcomponents:httpclient<L>org.apache.http.client.methods.HttpHead.HttpHead(java.lang.String)
commons-httpclient:commons-httpclient<L>org.apache.commons.httpclient.methods.OptionsMethod.OptionsMethod(java.lang.String)|org.apache.httpcomponents:httpclient<L>org.apache.http.client.methods.HttpOptions.HttpOptions(java.lang.String)
commons-httpclient:commons-httpclient<L>org.apache.commons.httpclient.methods.PostMethod.PostMethod()|org.apache.httpcomponents:httpclient<L>org.apache.http.client.methods.HttpPost.HttpPost()
commons-httpclient:commons-httpclient<L>org.apache.commons.httpclient.methods.PostMethod.PostMethod(java.lang.String)|org.apache.httpcomponents:httpclient<L>org.apache.http.client.methods.HttpPost.HttpPost(java.lang.String)
commons-httpclient:commons-httpclient<L>org.apache.commons.httpclient.methods.PutMethod.PutMethod(java.lang.String)|org.apache.httpcomponents:httpclient<L>org.apache.http.client.methods.HttpPut.HttpPut(java.lang.String)
commons-httpclient:commons-httpclient<L>org.apache.commons.httpclient.methods.TraceMethod.TraceMethod(java.lang.String)|org.apache.httpcomponents:httpclient<L>org.apache.http.client.methods.HttpTrace.HttpTrace(java.lang.String)
commons-httpclient:commons-httpclient<L>org.apache.commons.httpclient.HostConfiguration.getParams()|org.apache.httpcomponents:httpclient<L>org.apache.http.client.HttpClient.getParams()
commons-httpclient:commons-httpclient<L>org.apache.commons.httpclient.protocol.Protocol.getProtocol(java.lang.String)|org.apache.httpcomponents:httpclient<L>org.apache.http.conn.scheme.SchemeRegistry.get(java.lang.String)
commons-httpclient:commons-httpclient<L>org.apache.commons.httpclient.HttpClient.getParams()|org.apache.httpcomponents:httpclient<L>org.apache.http.client.HttpClient.getParams()
commons-httpclient:commons-httpclient<L>org.apache.commons.httpclient.params.HttpMethodParams.setCookiePolicy(java.lang.String)|org.apache.httpcomponents:httpclient<L>org.apache.http.client.config.RequestConfig.Builder.setCookieSpec(java.lang.String)
commons-httpclient:commons-httpclient<L>org.apache.commons.httpclient.methods.EntityEnclosingMethod.setRequestEntity(RequestEntity)|org.apache.httpcomponents:httpclient<L>org.apache.http.client.methods.HttpEntityEnclosingRequestBase.setEntity(final HttpEntity)
commons-lang:commons-lang<L>org.apache.commons.lang.ArrayUtils.add(boolean[], int, boolean)|org.slf4j:slf4j-api<L>org.slf4j.Marker.add(org.slf4j.Marker)
commons-logging:commons-logging<L>org.apache.commons.logging.impl.SimpleLog.log(int, java.lang.Object, java.lang.Throwable)|org.slf4j:slf4j-api<L>org.slf4j.Logger.info(java.lang.String, java.lang.Object, java.lang.Object)
commons-logging:commons-logging<L>org.apache.commons.logging.Log.isDebugEnabled()|org.slf4j:slf4j-api<L>org.slf4j.Logger.isDebugEnabled()
commons-logging:commons-logging<L>org.apache.commons.logging.Log.isInfoEnabled()|org.slf4j:slf4j-api<L>org.slf4j.Logger.isInfoEnabled()
commons-logging:commons-logging<L>org.apache.commons.logging.Log.isInfoEnabled()|org.slf4j:slf4j-api<L>org.slf4j.Logger.isInfoEnabled(Marker)
commons-logging:commons-logging<L>org.apache.commons.logging.Log.isTraceEnabled()|org.slf4j:slf4j-api<L>org.slf4j.Logger.isTraceEnabled()
commons-logging:commons-logging<L>org.apache.commons.logging.Log.debug(java.lang.Object)|org.slf4j:slf4j-api<L>org.slf4j.Logger.debug(java.lang.String)
commons-logging:commons-logging<L>org.apache.commons.logging.Log.debug(java.lang.Object)|org.slf4j:slf4j-api<L>org.slf4j.Logger.debug(java.lang.String, java.lang.Object)
commons-logging:commons-logging<L>org.apache.commons.logging.Log.debug(java.lang.Object)|org.slf4j:slf4j-api<L>org.slf4j.Logger.debug(java.lang.String, java.lang.Object, java.lang.Object)
commons-logging:commons-logging<L>org.apache.commons.logging.Log.debug(java.lang.Object)|org.slf4j:slf4j-api<L>org.slf4j.Logger.debug(Marker, String, Object, Object)
commons-logging:commons-logging<L>org.apache.commons.logging.Log.debug(java.lang.Object)|org.slf4j:slf4j-api<L>org.slf4j.Logger.trace(java.lang.String)
commons-logging:commons-logging<L>org.apache.commons.logging.Log.debug(java.lang.Object)|org.slf4j:slf4j-api<L>org.slf4j.Logger.trace(java.lang.String, java.lang.Object)
commons-logging:commons-logging<L>org.apache.commons.logging.Log.debug(java.lang.Object)|org.slf4j:slf4j-api<L>org.slf4j.Logger.isDebugEnabled(Marker)
commons-logging:commons-logging<L>org.apache.commons.logging.Log.error(java.lang.Object)|org.slf4j:slf4j-api<L>org.slf4j.Logger.debug(java.lang.String, java.lang.Object)
commons-logging:commons-logging<L>org.apache.commons.logging.Log.error(java.lang.Object)|org.slf4j:slf4j-api<L>org.slf4j.Logger.error(java.lang.String)
commons-logging:commons-logging<L>org.apache.commons.logging.Log.error(java.lang.Object)|org.slf4j:slf4j-api<L>org.slf4j.Logger.error(java.lang.String, java.lang.Object)
commons-logging:commons-logging<L>org.apache.commons.logging.Log.error(java.lang.Object)|org.slf4j:slf4j-api<L>org.slf4j.Logger.error(java.lang.String, java.lang.Object, java.lang.Object)
commons-logging:commons-logging<L>org.apache.commons.logging.Log.error(java.lang.Object)|org.slf4j:slf4j-api<L>org.slf4j.Logger.error(Marker, String, Object, Object)
commons-logging:commons-logging<L>org.apache.commons.logging.Log.fatal(java.lang.Object)|org.slf4j:slf4j-api<L>org.slf4j.Logger.error(java.lang.String)
commons-logging:commons-logging<L>org.apache.commons.logging.Log.fatal(java.lang.Object)|org.slf4j:slf4j-api<L>org.slf4j.Logger.error(java.lang.String, java.lang.Object)
commons-logging:commons-logging<L>org.apache.commons.logging.Log.info(java.lang.Object)|org.slf4j:slf4j-api<L>org.slf4j.Logger.debug(java.lang.String)
commons-logging:commons-logging<L>org.apache.commons.logging.Log.info(java.lang.Object)|org.slf4j:slf4j-api<L>org.slf4j.Logger.info(java.lang.String)
commons-logging:commons-logging<L>org.apache.commons.logging.Log.info(java.lang.Object)|org.slf4j:slf4j-api<L>org.slf4j.Logger.info(java.lang.String, java.lang.Object)
commons-logging:commons-logging<L>org.apache.commons.logging.Log.info(java.lang.Object)|org.slf4j:slf4j-api<L>org.slf4j.Logger.info(java.lang.String, java.lang.Object, java.lang.Object)
commons-logging:commons-logging<L>org.apache.commons.logging.Log.trace(java.lang.Object)|org.slf4j:slf4j-api<L>org.slf4j.Logger.trace(java.lang.String)
commons-logging:commons-logging<L>org.apache.commons.logging.Log.trace(java.lang.Object)|org.slf4j:slf4j-api<L>org.slf4j.Logger.trace(java.lang.String, java.lang.Object)
commons-logging:commons-logging<L>org.apache.commons.logging.Log.trace(java.lang.Object)|org.slf4j:slf4j-api<L>org.slf4j.Logger.trace(java.lang.String, java.lang.Object, java.lang.Object)
commons-logging:commons-logging<L>org.apache.commons.logging.Log.trace(java.lang.Object)|org.slf4j:slf4j-api<L>org.slf4j.Logger.trace(Marker, String, Object, Object)
commons-logging:commons-logging<L>org.apache.commons.logging.Log.warn(java.lang.Object)|org.slf4j:slf4j-api<L>org.slf4j.Logger.trace(java.lang.String)
commons-logging:commons-logging<L>org.apache.commons.logging.Log.warn(java.lang.Object)|org.slf4j:slf4j-api<L>org.slf4j.Logger.warn(java.lang.String)
commons-logging:commons-logging<L>org.apache.commons.logging.Log.warn(java.lang.Object)|org.slf4j:slf4j-api<L>org.slf4j.Logger.warn(java.lang.String, java.lang.Object)
commons-logging:commons-logging<L>org.apache.commons.logging.Log.warn(java.lang.Object)|org.slf4j:slf4j-api<L>org.slf4j.Logger.warn(java.lang.String, java.lang.Object, java.lang.Object)
commons-logging:commons-logging<L>org.apache.commons.logging.Log.warn(java.lang.Object)|org.slf4j:slf4j-api<L>org.slf4j.Logger.warn(Marker, String, Object, Object)
commons-logging:commons-logging<L>org.apache.commons.logging.LogFactory.getLog(java.lang.String)|org.slf4j:slf4j-api<L>org.slf4j.ILoggerFactory.getLogger(java.lang.String)
commons-logging:commons-logging<L>org.apache.commons.logging.LogFactory.getLog(java.lang.String)|org.slf4j:slf4j-api<L>org.slf4j.LoggerFactory.getLogger(java.lang.Class<?>)
javax.faces:jsf-api<L>javax.faces.component.UIComponent.setId(java.lang.String)|org.glassfish:javax.faces<L>javax.faces.component.UIComponent.setId(java.lang.String)
javax.faces:jsf-api<L>javax.faces.component.UIInput.setValid(boolean)|org.glassfish:javax.faces<L>javax.faces.component.UIInput.setValid(boolean)
javax.faces:jsf-api<L>javax.faces.component.UIViewRoot.UIViewRoot()|org.glassfish:javax.faces<L>javax.faces.component.UIViewRoot.UIViewRoot()
javax.faces:jsf-api<L>javax.faces.FacesException.FacesException()|org.glassfish:javax.faces<L>javax.faces.FacesException.FacesException()
javax.faces:jsf-api<L>javax.faces.context.FacesContext.getCurrentInstance()|org.glassfish:javax.faces<L>javax.faces.context.FacesContext.getCurrentInstance()
net.java.dev.jets3t:jets3t<L>org.jets3t.service.model.StorageObject.getDataInputStream()|com.amazonaws:aws-java-sdk-s3<L>com.amazonaws.services.s3.model.S3Object.getObjectContent()
net.java.dev.jets3t:jets3t<L>org.jets3t.service.impl.rest.XmlResponsesSaxParser.CopyObjectResultHandler.getETag()|com.amazonaws:aws-java-sdk-s3<L>com.amazonaws.services.s3.model.CopyObjectResult.getETag()
net.java.dev.jets3t:jets3t<L>org.jets3t.service.model.StorageObject.getContentLength()|com.amazonaws:aws-java-sdk-s3<L>com.amazonaws.services.s3.model.ObjectMetadata.getContentLength()
net.java.dev.jets3t:jets3t<L>org.jets3t.service.model.S3Object.S3Object()|com.amazonaws:aws-java-sdk-s3<L>com.amazonaws.services.s3.model.ObjectMetadata.ObjectMetadata()
net.java.dev.jets3t:jets3t<L>org.jets3t.service.StorageService.getOrCreateBucket(java.lang.String)|com.amazonaws:aws-java-sdk-s3<L>com.amazonaws.services.s3.AbstractAmazonS3.doesBucketExist(java.lang.String)
net.java.dev.jets3t:jets3t<L>org.jets3t.service.StorageService.getObject(java.lang.String, java.lang.String)|com.amazonaws:aws-java-sdk-s3<L>com.amazonaws.services.s3.AbstractAmazonS3.getObject(java.lang.String, java.lang.String)
net.java.dev.jets3t:jets3t<L>org.jets3t.service.model.StorageObject.setContentLength(long)|com.amazonaws:aws-java-sdk-s3<L>com.amazonaws.services.s3.model.ObjectMetadata.setContentLength(long)
net.java.dev.jets3t:jets3t<L>org.jets3t.service.model.StorageObject.setContentType(java.lang.String)|com.amazonaws:aws-java-sdk-s3<L>com.amazonaws.services.s3.model.ObjectMetadata.setContentType(java.lang.String)
net.java.dev.jets3t:jets3t<L>org.jets3t.service.model.StorageObject.setMd5Hash(byte[])|com.amazonaws:aws-java-sdk-s3<L>com.amazonaws.services.s3.model.ObjectMetadata.setContentMD5(java.lang.String)
easymock:easymock<L>org.easymock.EasyMock.createMock(java.lang.Class<T>)|org.mockito:mockito-all<L>org.mockito.Mockito.mock(java.lang.Class<T>)
easymock:easymock<L>org.easymock.EasyMock.createMock(java.lang.Class<T>)|org.mockito:mockito-all<L>org.mockito.MockitoAnnotations.initMocks(java.lang.Object)
easymock:easymock<L>org.easymock.IExpectationSetters.andReturn(T)|org.mockito:mockito-all<L>org.mockito.stubbing.OngoingStubbing.thenReturn(T)
easymock:easymock<L>org.easymock.IExpectationSetters.andReturn(T)|org.mockito:mockito-all<L>org.mockito.stubbing.OngoingStubbing.thenReturn(T, T...)
easymock:easymock<L>org.easymock.IExpectationSetters.andThrow(java.lang.Throwable)|org.mockito:mockito-all<L>org.mockito.BDDMockito.BDDMyOngoingStubbing.willThrow(java.lang.Throwable...)
easymock:easymock<L>org.easymock.IExpectationSetters.andThrow(java.lang.Throwable)|org.mockito:mockito-all<L>org.mockito.stubbing.OngoingStubbing.thenThrow(java.lang.Throwable...)
easymock:easymock<L>org.easymock.IExpectationSetters.andThrow(java.lang.Throwable)|org.mockito:mockito-all<L>org.mockito.stubbing.Stubber.doThrow(java.lang.Throwable)
easymock:easymock<L>org.easymock.IExpectationSetters.andStubReturn(java.lang.Object)|org.mockito:mockito-all<L>org.mockito.stubbing.OngoingStubbing.thenReturn(T)
easymock:easymock<L>org.easymock.MockControl.verify()|org.mockito:mockito-all<L>org.mockito.Mockito.verify(T)
easymock:easymock<L>org.easymock.EasyMock.createControl()|org.mockito:mockito-all<L>org.mockito.Mockito.mock(java.lang.Class<T>)
easymock:easymock<L>org.easymock.EasyMock.expect(T)|org.mockito:mockito-all<L>org.mockito.Mockito.verify(T)
easymock:easymock<L>org.easymock.EasyMock.expect(T)|org.mockito:mockito-all<L>org.mockito.Mockito.when(T)
easymock:easymock<L>org.easymock.EasyMock.createNiceMock(java.lang.Class<T>)|org.mockito:mockito-all<L>org.mockito.Mockito.mock(java.lang.Class<T>)
easymock:easymock<L>org.easymock.EasyMock.createStrictMock(java.lang.Class<T>)|org.mockito:mockito-all<L>org.mockito.Mockito.mock(java.lang.Class<T>)
easymock:easymock<L>org.easymock.EasyMock.createStrictMock(java.lang.Class<T>)|org.mockito:mockito-all<L>org.mockito.MockitoAnnotations.initMocks(java.lang.Object)
easymock:easymock<L>org.easymock.EasyMock.createNiceControl()|org.mockito:mockito-all<L>org.mockito.MockitoAnnotations.initMocks(java.lang.Object)
easymock:easymock<L>org.easymock.EasyMock.createStrictControl()|org.mockito:mockito-all<L>org.mockito.Mockito.mock(java.lang.Class<T>)
easymock:easymock<L>org.easymock.MockControl.replay()|org.mockito:mockito-all<L>org.mockito.Mockito.verify(T)
easymock:easymock<L>org.easymock.MockControl.replay()|org.mockito:mockito-all<L>org.mockito.Mockito.verifyNoMoreInteractions(java.lang.Object...)
easymock:easymock<L>org.easymock.MockControl.reset()|org.mockito:mockito-all<L>org.mockito.Mockito.reset(T...)
easymock:easymock<L>org.easymock.MockControl.verify()|org.mockito:mockito-all<L>org.mockito.internal.InOrderImpl.verify(T, VerificationMode)
easymock:easymock<L>org.easymock.MockControl.verify()|org.mockito:mockito-all<L>org.mockito.Mockito.verify(T, VerificationMode)
easymock:easymock<L>org.easymock.MockControl.verify()|org.mockito:mockito-all<L>org.mockito.stubbing.OngoingStubbing.then(Answer<?>)
easymock:easymock<L>org.easymock.MockControl.verify()|org.mockito:mockito-all<L>org.mockito.internal.InOrderImpl.verify(T)
easymock:easymock<L>org.easymock.MockControl.expectAndReturn(V1, V2)|org.mockito:mockito-all<L>org.mockito.Mockito.when(T)
org.json:json<L>org.json.JSONObject.getInt(java.lang.String)|com.google.code.gson:gson<L>com.google.gson.JsonObject.get(java.lang.String)
org.json:json<L>org.json.JSONObject.getInt(java.lang.String)|com.google.code.gson:gson<L>com.google.gson.JsonElement.getAsInt()
com.googlecode.json-simple:json-simple<L>org.json.simple.parser.JSONParser.parse(java.io.Reader)|com.google.code.gson:gson<L>com.google.gson.Gson.fromJson(com.google.gson.JsonElement, java.lang.reflect.Type)
org.json:json<L>org.json.JSONArray.get(int)|com.google.code.gson:gson<L>com.google.gson.JsonObject.get(java.lang.String)
org.json:json<L>org.json.JSONObject.getString(java.lang.String)|com.google.code.gson:gson<L>com.google.gson.JsonObject.get(java.lang.String)
org.json:json<L>org.json.JSONObject.getString(java.lang.String)|com.google.code.gson:gson<L>com.google.gson.JsonElement.getAsJsonObject()
org.json:json<L>org.json.JSONString.toJSONString()|com.google.code.gson:gson<L>com.google.gson.Gson.toString()
org.json:json<L>org.json.JSONStringer.toString()|com.google.code.gson:gson<L>com.google.gson.Gson.toJson(com.google.gson.JsonElement)
org.json:json<L>org.json.JSONObject.getLong(java.lang.String)|com.google.code.gson:gson<L>com.google.gson.JsonObject.get(java.lang.String)
org.json:json<L>org.json.JSONObject.getJSONArray(java.lang.String)|com.google.code.gson:gson<L>com.google.gson.JsonElement.getAsJsonArray()
org.json:json<L>org.json.JSONObject.getJSONArray(java.lang.String)|com.google.code.gson:gson<L>com.google.gson.JsonObject.get(java.lang.String)
org.json:json<L>org.json.JSONArray.getJSONObject(int)|com.google.code.gson:gson<L>com.google.gson.JsonElement.getAsJsonObject()
org.json:json<L>org.json.JSONObject.getJSONObject(java.lang.String)|com.google.code.gson:gson<L>com.google.gson.JsonElement.getAsJsonObject()
org.json:json<L>org.json.JSONObject.JSONObject()|com.google.code.gson:gson<L>com.google.gson.JsonElement.getAsJsonObject()
org.json:json<L>org.json.JSONTokener.JSONTokener(java.lang.String)|com.google.code.gson:gson<L>com.google.gson.JsonParser.parse(com.google.gson.stream.JsonReader)
org.json:json<L>org.json.JSONTokener.JSONTokener(java.lang.String)|com.google.code.gson:gson<L>com.google.gson.JsonParser.JsonParser()
org.json:json<L>org.json.JSONArray.JSONArray()|com.google.code.gson:gson<L>com.google.gson.JsonArray.JsonArray()
org.slf4j:slf4j-api<L>org.slf4j.LoggerFactory.getLogger(java.lang.String)|log4j:log4j<L>org.apache.log4j.Logger.getLogger(java.lang.String)
org.slf4j:slf4j-api<L>org.slf4j.Logger.debug(java.lang.String)|log4j:log4j<L>org.apache.log4j.helpers.LogLog.debug(java.lang.String)
org.slf4j:slf4j-api<L>org.slf4j.Logger.error(java.lang.String)|log4j:log4j<L>org.apache.log4j.helpers.LogLog.error(java.lang.String)
org.slf4j:slf4j-api<L>org.slf4j.Logger.warn(java.lang.String)|log4j:log4j<L>org.apache.log4j.helpers.LogLog.warn(java.lang.String)
org.slf4j:slf4j-api<L>org.slf4j.LoggerFactory.getLogger(java.lang.Class<?>)|log4j:log4j<L>org.apache.log4j.Logger.getLogger(java.lang.String)
org.testng:testng<L>org.testng.Assert.assertEquals(byte[], byte[])|junit:junit<L>org.junit.Assert.assertEquals(java.lang.Object, java.lang.Object)
org.testng:testng<L>org.testng.Assert.assertEquals(byte[], byte[])|junit:junit<L>org.junit.Assert.assertEquals(java.lang.Object[], java.lang.Object[])
org.testng:testng<L>org.testng.AssertJUnit.assertEquals(java.lang.String, byte[], byte[])|junit:junit<L>org.junit.Assert.assertEquals(java.lang.String, java.lang.Object[], java.lang.Object[])
org.testng:testng<L>org.testng.Assert.assertEquals(java.util.Map<?, ?>, java.util.Map<?, ?>)|junit:junit<L>org.junit.Assert.assertEquals(java.lang.String, float, float, float)
org.testng:testng<L>org.testng.Assert.assertEquals(java.util.Set<?>, java.util.Set<?>)|junit:junit<L>org.junit.Assert.assertThat(T, Matcher<? super T>)
org.testng:testng<L>org.testng.Assert.assertEquals(java.util.Set<?>, java.util.Set<?>)|junit:junit<L>org.junit.Assert.assertEquals(java.lang.Object, java.lang.Object)
org.testng:testng<L>org.testng.Assert.assertEquals(java.util.Set<?>, java.util.Set<?>)|junit:junit<L>org.junit.Assert.assertEquals(java.lang.Object[], java.lang.Object[])
org.testng:testng<L>org.testng.Assert.assertEquals(java.util.Set<?>, java.util.Set<?>, java.lang.String)|junit:junit<L>org.junit.Assert.assertEquals(java.lang.Object, java.lang.Object)
org.testng:testng<L>org.testng.Assert.assertEquals(java.util.Set<?>, java.util.Set<?>, java.lang.String)|junit:junit<L>org.junit.Assert.assertEquals(java.lang.String, float, float, float)
org.testng:testng<L>org.testng.Assert.assertEquals(java.util.Set<?>, java.util.Set<?>, java.lang.String)|junit:junit<L>org.junit.Assert.assertEquals(java.lang.String, java.lang.Object[], java.lang.Object[])
org.testng:testng<L>org.testng.Assert.assertFalse(boolean)|junit:junit<L>org.junit.Assert.assertThat(T, Matcher<? super T>)
org.testng:testng<L>org.testng.Assert.assertFalse(boolean)|junit:junit<L>org.junit.Assert.assertFalse(boolean)
org.testng:testng<L>org.testng.Assert.assertFalse(boolean)|junit:junit<L>org.junit.Assert.assertFalse(java.lang.String, boolean)
org.testng:testng<L>org.testng.Assert.assertFalse(boolean, java.lang.String)|junit:junit<L>org.junit.Assert.assertFalse(java.lang.String, boolean)
org.testng:testng<L>org.testng.Assert.assertNotNull(java.lang.Object)|junit:junit<L>org.junit.Assert.assertThat(T, Matcher<? super T>)
org.testng:testng<L>org.testng.Assert.assertNotNull(java.lang.Object)|junit:junit<L>org.junit.Assert.assertNotNull(java.lang.Object)
org.testng:testng<L>org.testng.Assert.assertNotNull(java.lang.Object, java.lang.String)|junit:junit<L>org.junit.Assert.assertThat(T, Matcher<? super T>)
org.testng:testng<L>org.testng.Assert.assertNotNull(java.lang.Object, java.lang.String)|junit:junit<L>org.junit.Assert.assertNotNull(java.lang.String, java.lang.Object)
org.testng:testng<L>org.testng.Assert.assertNotSame(java.lang.Object, java.lang.Object)|junit:junit<L>org.junit.Assert.assertNotSame(java.lang.Object, java.lang.Object)
org.testng:testng<L>org.testng.Assert.assertNull(java.lang.Object)|junit:junit<L>org.junit.Assert.assertNull(java.lang.Object)
org.testng:testng<L>org.testng.Assert.assertNull(java.lang.Object, java.lang.String)|junit:junit<L>org.junit.Assert.assertNull(java.lang.String, java.lang.Object)
org.testng:testng<L>org.testng.Assert.assertTrue(boolean)|junit:junit<L>org.junit.Assert.assertThat(T, Matcher<? super T>)
org.testng:testng<L>org.testng.Assert.assertTrue(boolean)|junit:junit<L>org.junit.Assert.assertTrue(boolean)
org.testng:testng<L>org.testng.Assert.assertTrue(boolean)|junit:junit<L>org.junit.Assert.assertTrue(java.lang.String, boolean)
org.testng:testng<L>org.testng.Assert.assertTrue(boolean, java.lang.String)|junit:junit<L>org.junit.Assert.assertTrue(java.lang.String, boolean)
org.testng:testng<L>org.testng.Assert.fail()|junit:junit<L>org.junit.Assert.fail(java.lang.String)
org.testng:testng<L>org.testng.Assert.fail(java.lang.String)|junit:junit<L>org.junit.Assert.fail()
org.testng:testng<L>org.testng.Assert.fail(java.lang.String, java.lang.Throwable)|junit:junit<L>org.junit.Assert.fail(java.lang.String)
org.testng:testng<L>org.testng.Assert.assertEquals(java.util.Map<?, ?>, java.util.Map<?, ?>)|junit:junit<L>org.junit.Assert.assertEquals(java.lang.Object[], java.lang.Object[])
org.testng:testng<L>org.testng.Assert.assertEquals(java.util.Set<?>, java.util.Set<?>)|junit:junit<L>org.junit.Assert.assertEquals(java.lang.String, float, float, float)
org.testng:testng<L>org.testng.Assert.assertEquals(java.util.Set<?>, java.util.Set<?>)|junit:junit<L>org.junit.Assert.assertEquals(java.lang.String, java.lang.Object[], java.lang.Object[])
org.testng:testng<L>org.testng.Assert.assertEquals(java.util.Set<?>, java.util.Set<?>)|junit:junit<L>org.junit.Assert.assertTrue(java.lang.String, boolean)
org.testng:testng<L>org.testng.Assert.assertEquals(java.util.Set<?>, java.util.Set<?>)|junit:junit<L>org.junit.Assert.assertArrayEquals(long[], long[])
org.testng:testng<L>org.testng.Assert.assertNotEquals(double, double, double)|junit:junit<L>org.junit.Assert.assertNotSame(java.lang.String, java.lang.Object, java.lang.Object)
org.testng:testng<L>org.testng.Assert.assertNotEquals(double, double, double)|junit:junit<L>org.junit.Assert.assertTrue(java.lang.String, boolean)
org.testng:testng<L>org.testng.Assert.assertNotEquals(int, int)|junit:junit<L>org.junit.Assert.assertNotEquals(long, long)
org.apache.commons:commons-io<L>org.apache.commons.io.IOUtils.readLines(java.io.InputStream)|com.google.guava:guava-io<L>com.google.common.io.CharStreams.readLines(java.lang.Readable)
org.apache.commons:commons-io<L>org.apache.commons.io.FileUtils.readFileToString(java.io.File, java.lang.String)|com.google.guava:guava-io<L>com.google.common.io.Files.toString(java.io.File, java.nio.charset.Charset)
org.apache.commons:commons-io<L>org.apache.commons.io.IOUtils.copy(java.io.Reader, java.io.OutputStream, java.lang.String)|com.google.guava:guava-io<L>com.google.common.io.CharStreams.copy(java.lang.Readable, java.lang.Appendable)
org.apache.commons:commons-io<L>org.apache.commons.io.FileUtils.checksumCRC32(java.io.File)|com.google.guava:guava-io<L>com.google.common.io.Files.getChecksum(java.io.File, java.util.zip.Checksum)
org.apache.commons:commons-io<L>org.apache.commons.io.IOUtils.toByteArray(java.io.InputStream)|com.google.guava:guava-io<L>com.google.common.io.ByteStreams.toByteArray(InputSupplier<? extends InputStream>)
org.apache.commons:commons-io<L>org.apache.commons.io.IOUtils.toString(java.io.Reader)|com.google.guava:guava-io<L>com.google.common.io.CharStreams.toString(java.lang.Readable)
org.apache.commons:commons-io<L>org.apache.commons.io.IOUtils.closeQuietly(java.io.Reader)|com.google.guava:guava-io<L>com.google.common.io.Closeables.closeQuietly(java.io.Closeable)
org.apache.commons:commons-io<L>org.apache.commons.io.IOUtils.toString(java.io.InputStream, java.lang.String)|com.google.guava:guava-io<L>com.google.common.io.CharStreams.toString(java.lang.Readable)
org.apache.commons:commons-io<L>org.apache.commons.io.FileUtils.writeStringToFile(java.io.File, java.lang.String)|com.google.guava:guava-io<L>com.google.common.io.Files.write(java.lang.CharSequence, java.io.File, java.nio.charset.Charset)
org.apache.commons:commons-io<L>org.apache.commons.io.IOUtils.copy(java.io.InputStream, java.io.OutputStream)|com.google.guava:guava-io<L>com.google.common.io.ByteStreams.copy(java.io.InputStream, java.io.OutputStream)
org.apache.commons:commons-io<L>org.apache.commons.io.IOUtils.readLines(java.io.InputStream)|com.google.guava:guava-io<L>com.google.common.io.Resources.readLines(java.net.URL, java.nio.charset.Charset)
org.apache.commons:commons-io<L>org.apache.commons.io.IOUtils.closeQuietly(java.io.InputStream)|com.google.guava:guava-io<L>com.google.common.io.Closeables.closeQuietly(java.io.Closeable)
org.apache.commons:commons-io<L>org.apache.commons.io.IOUtils.closeQuietly(java.io.OutputStream)|com.google.guava:guava-io<L>com.google.common.io.Closeables.closeQuietly(java.io.Closeable)
org.apache.commons:commons-io<L>org.apache.commons.io.IOUtils.toString(java.io.InputStream, java.lang.String)|com.google.guava:guava-io<L>com.google.common.io.Resources.toString(java.net.URL, java.nio.charset.Charset)
org.apache.commons:commons-io<L>org.apache.commons.io.IOUtils.toString(java.io.InputStream)|com.google.guava:guava-io<L>com.google.common.io.Resources.toString(java.net.URL, java.nio.charset.Charset)
org.apache.commons:commons-io<L>org.apache.commons.io.IOUtils.copy(java.io.InputStream, java.io.Writer)|com.google.guava:guava-io<L>com.google.common.io.CharStreams.copy(java.lang.Readable, java.lang.Appendable)
org.apache.commons:commons-io<L>org.apache.commons.io.IOUtils.copy(java.io.InputStream, java.io.OutputStream)|com.google.guava:guava-io<L>com.google.common.io.Resources.copy(java.net.URL, java.io.OutputStream)
org.apache.commons:commons-io<L>org.apache.commons.io.FileUtils.readFileToString(java.io.File, java.lang.String)|com.google.guava:guava-io<L>com.google.common.io.Files.toByteArray(java.io.File)
org.apache.commons:commons-io<L>org.apache.commons.io.IOUtils.copy(java.io.Reader, java.io.OutputStream)|com.google.guava:guava-io<L>com.google.common.io.CharStreams.copy(java.lang.Readable, java.lang.Appendable)
org.apache.commons:commons-io<L>org.apache.commons.io.IOUtils.toString(java.io.InputStream)|com.google.guava:guava-io<L>com.google.common.io.CharStreams.toString(java.lang.Readable)
commons-lang:commons-lang<L>org.apache.commons.lang.StringUtils.isNotEmpty(java.lang.String)|com.google.guava:guava-base<L>com.google.common.base.Strings.isNullOrEmpty(java.lang.String)
commons-lang:commons-lang<L>org.apache.commons.lang.builder.EqualsBuilder.EqualsBuilder()|com.google.guava:guava-base<L>com.google.common.base.Objects.equal(java.lang.Object, java.lang.Object)
commons-lang:commons-lang<L>org.apache.commons.lang.StringUtils.join(java.util.Collection, java.lang.String)|com.google.guava:guava-base<L>com.google.common.base.Joiner.on(char)
commons-lang:commons-lang<L>org.apache.commons.lang.builder.HashCodeBuilder.append(boolean[])|com.google.guava:guava-base<L>com.google.common.base.Objects.hashCode(java.lang.Object...)
commons-lang:commons-lang<L>org.apache.commons.lang.builder.ToStringBuilder.ToStringBuilder(java.lang.Object)|com.google.guava:guava-base<L>com.google.common.base.Objects.toStringHelper(java.lang.Object)
commons-lang:commons-lang<L>org.apache.commons.lang.StringUtils.join(java.util.Collection, java.lang.String)|com.google.guava:guava-base<L>com.google.common.base.Joiner.appendTo(java.lang.StringBuilder, java.lang.Iterable<?>)
commons-lang:commons-lang<L>org.apache.commons.lang.StringUtils.join(java.util.Collection, char)|com.google.guava:guava-base<L>com.google.common.base.Joiner.on(char)
commons-lang:commons-lang<L>org.apache.commons.lang.StringUtils.isEmpty(java.lang.String)|com.google.guava:guava-base<L>com.google.common.base.Strings.isNullOrEmpty(java.lang.String)
commons-lang:commons-lang<L>org.apache.commons.lang.StringUtils.join(java.util.Collection, java.lang.String)|com.google.guava:guava-base<L>com.google.common.base.Joiner.join(java.lang.Iterable<?>)
commons-lang:commons-lang<L>org.apache.commons.lang.builder.HashCodeBuilder.HashCodeBuilder()|com.google.guava:guava-base<L>com.google.common.base.Objects.hashCode(java.lang.Object...)
commons-lang:commons-lang<L>org.apache.commons.lang.builder.ToStringBuilder.append(java.lang.String, java.lang.Object)|com.google.guava:guava-base<L>com.google.common.base.Objects.toStringHelper(java.lang.Object)
commons-lang:commons-lang<L>org.apache.commons.lang.StringUtils.join(java.util.Collection, char)|com.google.guava:guava-base<L>com.google.common.base.Joiner.join(java.lang.Iterable<?>)
commons-lang:commons-lang<L>org.apache.commons.lang.builder.ToStringBuilder.toString()|com.google.guava:guava-base<L>com.google.common.base.Objects.ToStringHelper.toString()
commons-lang:commons-lang<L>org.apache.commons.lang.StringUtils.leftPad(java.lang.String, int)|com.google.guava:guava-base<L>com.google.common.base.Strings.repeat(java.lang.String, int)
commons-lang:commons-lang<L>org.apache.commons.lang.StringUtils.split(java.lang.String, java.lang.String)|com.google.guava:guava-base<L>com.google.common.base.Splitter.split(java.lang.CharSequence)
commons-lang:commons-lang<L>org.apache.commons.lang.builder.HashCodeBuilder.append(java.lang.Object)|com.google.guava:guava-base<L>com.google.common.base.Objects.hashCode(java.lang.Object...)
commons-lang:commons-lang<L>org.apache.commons.lang.Validate.notNull(java.lang.Object)|com.google.guava:guava-base<L>com.google.common.base.Preconditions.checkNotNull(T)
commons-lang:commons-lang<L>org.apache.commons.lang.StringUtils.countMatches(java.lang.String, java.lang.String)|com.google.guava:guava-base<L>com.google.common.base.CharMatcher.countIn(java.lang.CharSequence)
commons-lang:commons-lang<L>org.apache.commons.lang.StringUtils.isNotEmpty(java.lang.String)|com.google.guava:guava-base<L>com.google.common.base.Strings.nullToEmpty(java.lang.String)
commons-lang:commons-lang<L>org.apache.commons.lang.StringUtils.join(java.util.Collection, java.lang.String)|com.google.guava:guava-base<L>com.google.common.base.Joiner.on(java.lang.String)
commons-lang:commons-lang<L>org.apache.commons.lang.builder.ToStringBuilder.ToStringBuilder(Object, ToStringStyle)|com.google.guava:guava-base<L>com.google.common.base.Objects.toStringHelper(java.lang.Object)
commons-lang:commons-lang<L>org.apache.commons.lang.StringUtils.chomp(java.lang.String)|com.google.guava:guava-base<L>com.google.common.base.CharMatcher.trimTrailingFrom(java.lang.CharSequence)
commons-lang:commons-lang<L>org.apache.commons.lang.StringUtils.leftPad(java.lang.String, int)|com.google.guava:guava-base<L>com.google.common.base.Strings.padStart(java.lang.String, int, char)
commons-lang:commons-lang<L>org.apache.commons.lang.builder.ToStringBuilder.append(java.lang.String, java.lang.Object)|com.google.guava:guava-base<L>com.google.common.base.Objects.ToStringHelper.add(java.lang.String, java.lang.Object)
commons-lang:commons-lang<L>org.apache.commons.lang.builder.EqualsBuilder.isEquals()|com.google.guava:guava-base<L>com.google.common.base.Objects.equal(java.lang.Object, java.lang.Object)
commons-lang:commons-lang<L>org.apache.commons.lang.builder.ToStringBuilder.append(java.lang.String, long)|com.google.guava:guava-base<L>com.google.common.base.Objects.toStringHelper(java.lang.Object)
commons-lang:commons-lang<L>org.apache.commons.lang.StringUtils.strip(java.lang.String, java.lang.String)|com.google.guava:guava-base<L>com.google.common.base.CharMatcher.removeFrom(java.lang.CharSequence)
commons-lang:commons-lang<L>org.apache.commons.lang.StringUtils.defaultIfEmpty(java.lang.String, java.lang.String)|com.google.guava:guava-base<L>com.google.common.base.Objects.firstNonNull(T, T)
commons-lang:commons-lang<L>org.apache.commons.lang.StringUtils.isEmpty(java.lang.String)|com.google.guava:guava-base<L>com.google.common.base.Preconditions.checkNotNull(T, java.lang.Object)
commons-lang:commons-lang<L>org.apache.commons.lang.StringUtils.repeat(java.lang.String, int)|com.google.guava:guava-base<L>com.google.common.base.Strings.repeat(java.lang.String, int)
commons-lang:commons-lang<L>org.apache.commons.lang.builder.HashCodeBuilder.toHashCode()|com.google.guava:guava-base<L>com.google.common.base.Objects.hashCode(java.lang.Object...)
commons-lang:commons-lang<L>org.apache.commons.lang.builder.ToStringBuilder.append(java.lang.String, boolean[])|com.google.guava:guava-base<L>com.google.common.base.Objects.ToStringHelper.add(java.lang.String, java.lang.Object)
commons-lang:commons-lang<L>org.apache.commons.lang.ObjectUtils.equals(java.lang.Object, java.lang.Object)|com.google.guava:guava-base<L>com.google.common.base.Objects.equal(java.lang.Object, java.lang.Object)
commons-lang:commons-lang<L>org.apache.commons.lang.StringUtils.isBlank(java.lang.String)|com.google.guava:guava-base<L>com.google.common.base.CharMatcher.matchesAllOf(java.lang.CharSequence)
commons-lang:commons-lang<L>org.apache.commons.lang.builder.EqualsBuilder.append(java.lang.Object, java.lang.Object)|com.google.guava:guava-base<L>com.google.common.base.Objects.equal(java.lang.Object, java.lang.Object)
commons-lang:commons-lang<L>org.apache.commons.lang.StringUtils.split(java.lang.String, java.lang.String)|com.google.guava:guava-base<L>com.google.common.base.Splitter.on(char)
commons-lang:commons-lang<L>org.apache.commons.lang.Validate.notNull(java.lang.Object, java.lang.String)|com.google.guava:guava-base<L>com.google.common.base.Preconditions.checkNotNull(T, java.lang.Object)
org.json:json<L>org.json.JSONArray.length()|com.google.code.gson:gson<L>com.google.gson.JsonArray.size()
org.json:json<L>org.json.JSONObject.getString(java.lang.String)|com.google.code.gson:gson<L>com.google.gson.JsonObject.getAsJsonPrimitive(java.lang.String)
org.json:json<L>org.json.JSONObject.JSONObject()|com.google.code.gson:gson<L>com.google.gson.Gson.fromJson(java.io.Reader, java.lang.Class<T>)
org.json:json<L>org.json.JSONWriter.array()|com.google.code.gson:gson<L>com.google.gson.stream.JsonWriter.beginArray()
org.json:json<L>org.json.JSONObject.JSONObject()|com.google.code.gson:gson<L>com.google.gson.JsonParser.JsonParser()
org.json:json<L>org.json.JSONWriter.value(long)|com.google.code.gson:gson<L>com.google.gson.stream.JsonWriter.value(long)
org.json:json<L>org.json.JSONObject.getString(java.lang.String)|com.google.code.gson:gson<L>com.google.gson.JsonPrimitive.getAsString()
org.json:json<L>org.json.JSONWriter.value(long)|com.google.code.gson:gson<L>com.google.gson.stream.JsonWriter.value(java.lang.String)
org.json:json<L>org.json.JSONWriter.endArray()|com.google.code.gson:gson<L>com.google.gson.stream.JsonWriter.endArray()
org.json:json<L>org.json.JSONWriter.value(java.lang.Object)|com.google.code.gson:gson<L>com.google.gson.stream.JsonWriter.value(java.lang.Number)
org.json:json<L>org.json.JSONObject.JSONObject()|com.google.code.gson:gson<L>com.google.gson.JsonParser.parse(java.lang.String)
org.json:json<L>org.json.JSONObject.JSONObject(java.lang.Object)|com.google.code.gson:gson<L>com.google.gson.JsonParser.JsonParser()
org.json:json<L>org.json.JSONStringer.JSONStringer()|com.google.code.gson:gson<L>com.google.gson.stream.JsonWriter.JsonWriter(java.io.Writer)
org.json:json<L>org.json.JSONWriter.object()|com.google.code.gson:gson<L>com.google.gson.stream.JsonWriter.beginObject()
org.json:json<L>org.json.JSONObject.getLong(java.lang.String)|com.google.code.gson:gson<L>com.google.gson.JsonPrimitive.getAsLong()
org.json:json<L>org.json.JSONObject.getLong(java.lang.String)|com.google.code.gson:gson<L>com.google.gson.JsonObject.getAsJsonPrimitive(java.lang.String)
org.json:json<L>org.json.JSONWriter.value(java.lang.Object)|com.google.code.gson:gson<L>com.google.gson.stream.JsonWriter.value(long)
org.json:json<L>org.json.JSONObject.JSONObject(java.lang.Object)|com.google.code.gson:gson<L>com.google.gson.JsonParser.parse(java.lang.String)
org.json:json<L>org.json.JSONArray.getJSONObject(int)|com.google.code.gson:gson<L>com.google.gson.JsonArray.get(int)
org.json:json<L>org.json.JSONWriter.key(java.lang.String)|com.google.code.gson:gson<L>com.google.gson.stream.JsonWriter.name(java.lang.String)
org.json:json<L>org.json.JSONObject.getInt(java.lang.String)|com.google.code.gson:gson<L>com.google.gson.JsonPrimitive.getAsInt()
org.json:json<L>org.json.JSONWriter.value(java.lang.Object)|com.google.code.gson:gson<L>com.google.gson.stream.JsonWriter.value(java.lang.String)
org.json:json<L>org.json.JSONObject.has(java.lang.String)|com.google.code.gson:gson<L>com.google.gson.JsonObject.get(java.lang.String)
org.json:json<L>org.json.JSONWriter.JSONWriter(java.io.Writer)|com.google.code.gson:gson<L>com.google.gson.stream.JsonWriter.JsonWriter(java.io.Writer)
org.json:json<L>org.json.JSONObject.getJSONObject(java.lang.String)|com.google.code.gson:gson<L>com.google.gson.JsonElement.isJsonArray()
org.json:json<L>org.json.JSONObject.getDouble(java.lang.String)|com.google.code.gson:gson<L>com.google.gson.JsonPrimitive.getAsFloat()
org.json:json<L>org.json.JSONObject.isNull(java.lang.String)|com.google.code.gson:gson<L>com.google.gson.JsonElement.isJsonNull()
org.mockito:mockito-all<L>org.mockito.Mockito.verify(T)|org.jmock:jmock<L>org.jmock.Mockery.assertIsSatisfied()
org.mockito:mockito-all<L>org.mockito.Mockito.mock(java.lang.Class<T>)|org.jmock:jmock<L>org.jmock.Mockery.mock(java.lang.Class<T>, java.lang.String)
org.mockito:mockito-all<L>org.mockito.stubbing.OngoingStubbing.thenReturn(T)|org.jmock:jmock<L>org.jmock.AbstractExpectations.will(Action)
org.mockito:mockito-all<L>org.mockito.stubbing.OngoingStubbing.thenReturn(T)|org.jmock:jmock<L>org.jmock.AbstractExpectations.returnValue(java.lang.Object)
org.mockito:mockito-all<L>org.mockito.Mockito.when(T)|org.jmock:jmock<L>org.jmock.AbstractExpectations.one(T)
org.mockito:mockito-all<L>org.mockito.Mockito.verifyNoMoreInteractions(java.lang.Object...)|org.jmock:jmock<L>org.jmock.Mockery.assertIsSatisfied()
org.mockito:mockito-all<L>org.mockito.Mockito.verify(T, VerificationMode)|org.jmock:jmock<L>org.jmock.Mockery.assertIsSatisfied()
org.mockito:mockito-all<L>org.mockito.stubbing.OngoingStubbing.thenReturn(T)|org.jmock:jmock<L>org.jmock.AbstractExpectations.oneOf(T)
org.mockito:mockito-all<L>org.mockito.Mockito.mock(java.lang.Class<T>)|org.jmock:jmock<L>org.jmock.Mockery.mock(java.lang.Class<T>)
org.mockito:mockito-all<L>org.mockito.Mockito.times(int)|org.jmock:jmock<L>org.jmock.Mockery.assertIsSatisfied()